1,CaseyNeistat
2,LastWeekTonight
3,Rudy Mancuso
4,Good Mythical Morning
5,nigahiga
6,iJustine
7,Saturday Night Live
8,CrazyRussianHacker
9,20th Century Fox
10,Vox
11,NFL
12,amc
13,marshmello
14,NowThis World
15,The king of DIY
16,BostonDynamics
17,Cracked
18,TED-Ed
19,PeterSripol
20,SciShow
21,Life Noggin
22,Tested
23,Tom Scott
24,Refinery29
25,Gus Johnson
26,HellthyJunkFood
27,Numberphile
28,JerryRigEverything
29,Cleveland Cavaliers on cleveland.com
30,FaeryInLoveInc
31,hp_overload
32,Amazon.co.uk
33,EminemVEVO
34,officer401
35,Emirates
36,Nobrand
37,Screen Junkies
38,Hunter Hayes
39,Niki and Gabi
40,Nickelback
41,U2VEVO
42,BBC News
43,Ben Rohrbach
44,MatthewSantoro
45,Shawn Johnson East
46,dope2111
47,People are Awesome
48,NBA Highlights · YouTube
49,D3sports.com
50,FBE
51,Simply Nailogical
52,CBS Sunday Morning
53,WWE
54,JenniferLopezVEVO
55,Grace Helbig
56,The Graham Norton Show
57,Kevin Durant
58,JimBrowski 96HourNews
59,ViralHog
60,Jeremy Jahns
61,Jonathan Morrison
62,TIME
63,YouTube Spotlight
64,GEazyMusicVEVO
65,U.S. Navy
66,IGN
67,Safiya Nygaard
68,Lele Pons
69,INSIDER
70,John Lewis
71,Ed Sheeran
72,Sara Dietschy
73,MeganBatoon
74,John Campea
75,fosterthepeopleVEVO
76,Watch What Happens Live with Andy Cohen
77,Mayo Clinic
78,Jason Derulo
79,The Late Late Show with James Corden
80,cocheusadoooo
81,Amber Scholl
82,John Maclean
83,Bon Appétit
84,ABC News
85,mayratouchofglam
86,BuzzFeed Celeb
87,Zero Media
88,CMAVEVO
89,Alan Walker
90,SUPERFRUIT
91,Saint Louis Chess Club
92,ABC Television Network
93,Animal Adventure Park
94,HowToBasic
95,CinemaSins
96,kimbramusic
97,Capital FM
98,Hope For Paws - Official Rescue Channel
99,IISuperwomanII
100,Hopeless Records
101,Rachel and Jun
102,BBC Music
103,Late Night with Seth Meyers
104,H&M
105,CamilaCabelloVEVO
106,Liza Koshy
107,TheEllenShow
108,clothesencounters
109,FoxSearchlight
110,LukeBryanVEVO
111,NiallHoranVEVO
112,empireofthesunvevo
113,NFVEVO
114,Marques Brownlee
115,Atlantic Records
116,MsAaliyahJay
117,Danny Sapko
118,Vogue
119,Michelle Khare
120,Full Frontal with Samantha Bee
121,Nicole Guerriero
122,The Late Show with Stephen Colbert
123,Jimmy Kimmel Live
124,SuperCarlinBrothers
125,SiaVEVO
126,Business Insider
127,2CELLOS
128,theneedledrop
129,Simon's Cat
130,Andy Grammer
131,RemyMaVEVO
132,Nintendo
133,Dina Tokio
134,Team Coco
135,PitbullVEVO
136,Late Show with David Letterman
137,Alicia Keys
138,ElbowVEVO
139,MDNA SKIN
140,poofables
141,SigridVEVO
142,MOMOMOYOUTHVEVO
143,TheScriptVEVO
144,Brothers Green Eats
145,Netflix
146,Abroad in Japan
147,Tucker Gott
148,Nahre Sol
149,ThirtySecondsToMarsVEVO
150,HarryStylesVEVO
151,Wong Fu Productions
152,Keith Urban
153,Maroon5VEVO
154,X Factor Italia
155,Tyler Williams
156,Stewart Brand
157,Chris and Jack
158,The School of Life
159,E! Entertainment
160,Whitney Port
161,90s Commercials
162,Breakfast Club Power 105.1 FM
163,Enter Shikari
164,Caterham Cars
165,PostmodernJukebox
166,PinkVEVO
167,Tamar Chronicles
168,Kitten Lady
169,Guinness World Records
170,Blockbuster
171,TrainVEVO
172,Christen Dominique
173,James Charles
174,FreeDawkins
175,The Infographics Show
176,Jenny Hanell
177,PetaPixel
178,RM Videos
179,BrianJustinCrum
180,CupcakeJemma
181,Anaki Abo
182,Katy Perry
183,I'm With Her
184,Zoella
185,Storyful News
186,Tu Fan
187,MyHarto
188,Chicago Sun-Times
189,PhilPhillipsVEVO
190,Tati
191,Ozuna
192,Madelaine Petsch
193,Steve Kovach
194,ESPN
195,LetsGoWarriors
196,KSNV News 3 Las Vegas
197,Sailor J
198,WIRED
199,HiHo Kids
200,ElectroBOOM
201,Brent Pella
202,Cards Against Humanity
203,The Slow Mo Guys
204,TechSmartt
205,JunsKitchen
206,Attaullah Malik
207,The Tonight Show Starring Jimmy Fallon
208,Anwar Jibawi
209,Washington Post
210,Dolan Twins
211,Jackie Aina
212,TV Promos
213,Taylor Swift
214,ProZD
215,REACT
216,First We Feast
217,Brian Hull
218,William Osman
219,Access Hollywood
220,emma chamberlain
221,Now You See It
222,Dancing With The Stars
223,Summit
224,reputationswift
225,DunkFest
226,Cut
227,The Scran Line
228,MattMasonPhotography
229,Vanity Fair
230,Red Bull
231,BBCRadio1VEVO
232,Mark Ferris
233,todrickhall
234,Donut Media
235,Eater
236,HANSON
237,Frank May
238,NBA on ESPN
239,SIRAH
240,ScreenPrism
241,Valk Aviation
242,Shantell Martin
243,Gregg Peterson
244,Estée Lalonde
245,Canada Soccer
246,WLKY News Louisville
247,The Office US
248,Entertainment Weekly
249,12 News
250,Bkav Corp
251,Daelric
252,"monday.com, formerly dapulse"
253,GQ
254,TMZSports
255,Caters Clips
256,You Suck At Cooking
257,Tanner Braungardt
258,iHasCupquake
259,FallOutBoyVEVO
260,alt-J
261,Demi Lovato
262,Matthias
263,Movie Munchies
264,Fueled By Ramen
265,Mental Floss
266,Pixielocks
267,SHOWTIME Sports
268,Cody'sLab Backup
269,Paramount Pictures
270,Atlanta Hawks
271,NBA
272,ColliderVideos
273,Jenny Nicholson
274,Big Cat Rescue
275,RachelPlattenVEVO
276,standupmaths
277,Wendy Williams
278,VICE
279,BBC Earth
280,BBC Radio 1
281,Rappler
282,Sarasota Police Department
283,Vostok.bike
284,GoDucksdotcom
285,Hybrid Network
286,Mark Linsangan
287,LOFTON SHAW
288,BellatorMMA
289,New Scientist
290,Warner Bros. Pictures
291,LuisFonsiVEVO
292,Kurzgesagt – In a Nutshell
293,ibighit
294,jacksfilms
295,The Talk
296,Austin Evans
297,The Verge
298,MariahCareyVEVO
299,CollegeHumor
300,Chris Stuckmann
301,MassLive
302,Klossy
303,Björk
304,DJSnakeVEVO
305,Butch Hartman
306,It's Okay To Be Smart
307,Major Lazer
308,Dua Lipa
309,Philadelphia 76ers
310,Jessii Vee
311,The Orchard Movies
312,Shmee150
313,TODAY
314,Eric Strebel
315,Auralnauts
316,60 Minutes
317,ChrisStapletonVEVO
318,vlogbrothers
319,SMTOWN
320,Green Day
321,HaileeSteinfeldVEVO
322,AsapSCIENCE
323,K Yuen
324,Half as Interesting
325,RealLifeLore
326,Ultra Music
327,Shade 45
328,The Real Daytime
329,Matthias Wandel
330,Lauren Elizabeth
331,TimandFaithVEVO
332,Funny Or Die
333,Mayim Bialik
334,Lauv
335,Ranz Kyle
336,NBC News
337,Matt Steffanina
338,MisterWivesVEVO
339,YBF Chic
340,littleBits Electronics
341,Audience Network
342,Hot Dad
343,Disney•Pixar
344,SelenaGomezVEVO
345,Rosanna Pansino
346,Thomas Sanders
347,CrashRacing
348,Tasty
349,Nile Wilson
350,AnthonyPadilla
351,Rclbeauty101
352,Maddie Ziegler
353,Good Morning Britain
354,ToveLoVEVO
355,ImagineDragonsVEVO
356,ChloexHalleVEVO
357,NARLtv
358,Video Library
359,Single Shot
360,FlyFastandLow
361,Tegan and Sara
362,daronjay
363,Taras Malyar
364,astroboy1960
365,Quad9 DNS
366,GinWigmoreVEVO
367,1theK (원더케이)
368,Topi The Corgi
369,Disney Movie Trailers
370,Dwarf Mamba
371,Kitchen Nightmares
372,Just Wow me
373,ladygagaarraza
374,HBO
375,mvt.ias
376,AIA awards
377,Taylor Nicole Dean
378,USA TODAY
379,NOLA.com
380,BuzzFeed Nifty
381,Sam Chui
382,Tech Insider
383,MiguelVEVO
384,Tamika Hall
385,Matoma
386,JessieJVEVO
387,ParsonJamesVEVO
388,Maggie Lindemann
389,Kevin Rabatin
390,FRANKIEmusicVEVO
391,Radovan Lazic
392,Duston Ward
393,Entertainment Tonight
394,Smosh
395,Bruno Mars
396,The Weather Channel
397,The View
398,ExplosmEntertainment
399,The Grand Tour
400,slaymeclarkson c:
401,Veritasium
402,Josh Groban
403,Billboard
404,How to DAD
405,hudsonunionsociety
406,WildTurkeyBourbon
407,Simon and Martina
408,AlishaMarie
409,Fleur DeForce
410,David Sistaro
411,Passenger
412,Mashed
413,emmymadeinjapan
414,JoergSprave
415,Leroy Sanchez
416,Rob Andretti
417,Lindsey Stirling
418,Tom Stanton
419,Polyphonic
420,Freeform
421,BTS Videos
422,Binging with Babish
423,CBS This Morning
424,Peter McKinnon
425,The Voice
426,Hannah Stocking
427,Wendover Productions
428,Inanna Sarkis
429,ShawnMendesVEVO
430,NASA Jet Propulsion Laboratory
431,Tyler Oakley
432,Buttered Side Down
433,Doug Jones for Senate
434,YTN NEWS
435,ConnorFranta
436,Alex Gilbert
437,Colleen Vlogs
438,CNN
439,Bob Przybylo
440,Marie McGann
441,Useless Duck Company
442,Adult Swim
443,Philip DeFranco
444,The King of Random
445,Carla Resendiz
446,UrAvgConsumer
447,Sufficiently Advanced
448,DemiLovatoVEVO
449,LadyGagaVEVO
450,Brat
451,Kandee Johnson
452,Nerdwriter1
453,CAguileraVEVO
454,Looper
455,Miranda Sings
456,Eva Lunde Bentley
457,PTXofficial
458,The Deal Guy
459,Yes Theory
460,DreamCastle_629
461,The Tommy Edison Experience
462,MyLifeAsEva
463,lara6683
464,Zendaya
465,adidas Football
466,ScreenJunkies News
467,Portugal. The Man
468,chris lee
469,Kelly Clarkson
470,How To Cake It
471,The Hollywood Reporter
472,NickJonasVEVO
473,CBS Miami
474,Voicebot
475,The Sports King
476,John Sellars
477,E! News
478,The Current Source
479,HACKADAY
480,Taylor Alexander
481,Apple
482,TheBackyardScientist
483,PB Comps
484,Chris Lee
485,Royal Academy of Arts
486,Spectrum Haleskarth
487,Milkmen Design
488,Masters Of The Sun
489,bigclivedotcom
490,RAP DAILY
491,OK Go
492,Verizon
493,ELLEUKTV
494,DisneyMusicVEVO
495,Kanimuna Kisaka
496,BehindTheSounds
497,It's a small world
498,ELLE
499,Casually Explained
500,ThreadBanger
501,grav3yardgirl
502,BuzzFeedVideo
503,Lane Anderson
504,AmazingPhil
505,Simone Giertz
506,Laura in the Kitchen
507,Hevesh5
508,Anew Start
509,Ingrid Nilsen
510,Unique Vibes
511,EverythingApplePro
512,Pitch Perfect
513,HARRY
514,Turbo Conquering Mega Eagle
515,flirppy242
516,JonTronShow
517,Dorkly
518,Guardian News
519,Markiplier
520,FOX Sports
521,Marvel Entertainment
522,Miss Universe
523,NZPoliceRecruitment
524,Bethany Mota
525,Tina Nguyen
526,AmandaMoor & Craft Ideas
527,Sesame Street
528,Cloth Map
529,Gatorade
530,Srinath .S
531,The White House
532,Ellie and Jared
533,Doug DeMuro
534,Unbox Therapy
535,Just Between Us
536,Cam'ron
537,The X Factor UK
538,CFL Insider
539,Technomanila
540,West Midlands Police
541,David Steuer
542,CS Dojo
543,AFP news agency
544,I Like To Make Stuff
545,Plasma Channel
546,CalumScottVEVO
547,Liam Gallagher
548,Marco Reps
549,Bravo
550,Linkin Park
551,toofacedcosmetics
552,Epicurious
553,Sevdaliza
554,shane
555,Munchies
556,Variety
557,Good Morning America
558,KaneBrownVEVO
559,Molly Burke
560,Grandpa Kitchen
561,ElleOfTheMills
562,Mike Boyd
563,DamonAndJo
564,Wassabi Productions
565,Clevver News
566,Darren Criss
567,ANDREW HUANG
568,Steve TV Show
569,Great Big Story
570,legofreedom1
571,Loudwire
572,SiriusXM
573,Apple Support
574,HQVideoDude
575,Teen Vogue
576,Lame Videos
577,Lucy Moon
578,Applied Science
579,Why Don't We
580,geicocaveman2012
581,Maker's Box
582,shurap
583,SupremeSounds
584,Context Information Security
585,Lamborghini
586,Beats by Dre
587,Snapchat
588,Mark Rober
589,Sony Pictures Entertainment
590,SamSmithWorldVEVO
591,Kylie Cosmetics
592,The Telegraph
593,Trailers Promos Teasers
594,HollywoodLife
595,BUILD Series
596,Andre Black Nerd
597,NitroV2
598,Omeleto
599,Mashable Daily
600,Feelunique
601,The New Yorker
602,TiffyQuake
603,David Jardine
604,The Royal Family Channel
605,Rainsford
606,Billboard News
607,The Cuddle Squad
608,Define American
609,Chriselle Lim
610,MrNorrisVideos
611,ТСН
612,SiggasNation™
613,The New York Times
614,Anna Akana
615,Alesso
616,The Dodo
617,colinfurze
618,Corinne Leigh
619,Beyond The Trailer
620,Glam&Gore
621,CYNVEVO
622,The Official Pokémon YouTube Channel
623,WTHR
624,Millie T
625,Google
626,"One List , One Life"
627,Focus Features
628,Galantis
629,POPSUGAR
630,DraftExpress
631,NASA
632,truTV
633,Mnet K-POP
634,Inside Edition
635,TheJuicyJVEVO
636,5FDPVEVO
637,Shoshana Bean
638,Open Road Films
639,Martin Garrix
640,How To Cook That
641,Itzztonytony
642,JOLLY
643,LissieVEVO
644,PrettyMuchVEVO
645,FIFATV
646,TBS
647,cgriesemer
648,Genius
649,Flash Rahbbit
650,Charles Chan
651,Science vs Cinema
652,Wengie
653,Mr. Kate
654,ワーナー ブラザース 公式チャンネル
655,communitychannel
656,Star Wars
657,Arden Rose
658,Mike Diva
659,JamesAVEVO
660,Tessa Violet
661,kmichelle
662,Complex
663,MOBO Awards
664,Maggie Smith Kühn
665,Pies Are Awesome
666,Facelesstech
667,Ross Kempsell
668,5-Minute Crafts
669,BuzzFeedBlue
670,The Food Ranger
671,"European Space Agency, ESA"
672,Be Amazed
673,Máquina Voadora
674,Tom Daley
675,This Morning
676,Xscape - Topic
677,SB Nation
678,First Aid Kit
679,The University of Chicago
680,Vote The Process
681,RackaRacka
682,QUARTZ
683,razzark666
684,Skelly Robot
685,LIL UZI VERT
686,Universal Pictures
687,5MadMovieMakers
688,Victoria's Secret
689,TMZ
690,GraceVanderWaalVEVO
691,Pac-12 Networks
692,Big Ten Network
693,PBS NewsHour
694,Shay Mitchell
695,Car Commercials of the Past
696,Boldly
697,Gigi Gorgeous
698,AlmazanKitchen
699,PrincessPiaMiaVEVO
700,Dude Perfect
701,LecraeVEVO
702,MLG Highlights
703,Tanya Burr
704,Karina Garcia
705,jypentertainment
706,KISS FM UK
707,Bloomberg Politics
708,CrashCourse
709,Kayley Melissa
710,Magnolia Pictures & Magnet Releasing
711,National Geographic
712,Associated Press
713,Jack and Dean
714,Doctor Mike
715,Kita Osaka
716,neilyoungchannel
717,The Film Theorists
718,Pokémon GO
719,CBS Los Angeles
720,FILMWEBTV
721,Syracuse Orange
722,Lifetime
723,Outback Steakhouse
724,E! Live from the Red Carpet
725,LadBaby Official
726,郭韋辰
727,Clark Zhu
728,Fox News
729,MickMake
730,ABC7
731,Campo Santo Productions
732,Vlogs By DK4L
733,MoorInfo
734,Asthmatic Kitty Records
735,Muselk
736,Simply Not Logical
737,GohmertTX01
738,MSNBC
739,Pittsburgh Dad
740,Jessica Kellgren-Fozard
741,Honda
742,The CW Television Network
743,jessiepaege
744,PsychoSoprano
745,Beme News
746,Alissa Ashley
747,melodysheep
748,Marteen Estevez
749,NWSSanDiego
750,"But First, Coffee"
751,taalk com
752,National Safety Council
753,FrownsUpsideDown
754,HOTSPOTATL
755,edlover4real
756,Max Joseph
757,MigosVEVO
758,thegameawards
759,MoreZoella
760,LouisTomlinsonVEVO
761,PLAYERUNKNOWN'S BATTLEGROUNDS
762,LIVEKellyandRyan
763,Marzia
764,DanAndPhilGAMES
765,Whitney Avalon
766,Manny Mua
767,leonalewis
768,JK Brickworks
769,Merrell Twins Live
770,greyson97
771,The Sydney Morning Herald
772,LiamPayneVEVO
773,officialcharlixcx
774,SR Trailers and Interviews
775,Tom Thum
776,VidCon
777,Duan Mackenzie
778,rollingstoneonline
779,CIRCUITBEARD
780,Awkward Puppets
781,Desi Perkins
782,BBC
783,The Unipiper
784,Henry Prince Mak
785,Mr Ben Brown
786,Michael Bublé
787,Taylor R
788,Bad Lip Reading
789,Poppy
790,jennxpenn
791,euronews (in English)
792,thevirts
793,CBC News
794,dekuNukem
795,Karim Jovian
796,BeyondSlowMotion
797,New York Magazine
798,FliteTest
799,devinsupertramp
800,Logan Paul Vlogs
801,TheAngryGrandpaShow
802,CNBC
803,CBS News
804,BeOurGuest
805,GoPro
806,Youtube Tea
807,Inthefrow
808,Moby
809,BrettYoungVEVO
810,Samantha Maria
811,Disneyland Experience
812,Chad Kroeger
813,Confuse News
814,Ford Europe
815,Condé Nast Traveler
816,Trevor Moran
817,Rob Bliss
818,jenniferhudsonVEVO
819,PeopleTV
820,Jacob Collier
821,VICE News
822,MaccabeatsVideos
823,Bachelor Nation on ABC
824,PHP
825,ilikeweylie
826,Anthem Lights
827,Al Jazeera English
828,Sherylcrow
829,RocketJump Film School
830,blvck King
831,Trevor Wallace
832,Vat19Nvjds
833,SnekTek
834,Domain of Science
835,Birdbox Studio
836,Just Marcus
837,James Veitch
838,Roy Moore for Senate
839,Dj Earworm
840,Bethel Music
841,Jaclyn Hill
842,ChrisBrownVEVO
843,T-Mobile
844,ThePianoGuys
845,Carly and Erin
846,GwenStefaniVEVO
847,Blue Origin
848,Shameless Maya
849,LukeCombsVEVO
850,austinmcconnell
851,LaMadelynn
852,The Atlantic
853,StoryCorps
854,EllieGouldingVEVO
855,Davey Swatpaz
856,Rob Scallon
857,Penguin Books UK
858,Dr. Sandra Lee (aka Dr. Pimple Popper)
859,American Bridge 21st Century
860,GreatScott!
861,KhalidVEVO
862,TaylorSwiftVEVO
863,KeithUrbanVEVO
864,Orion Pictures
865,ChangeofplanZ
866,MTV International
867,WE tv
868,LD Entertainment
869,doddlevloggle
870,Ryan Williams
871,IGN News
872,Kingsley
873,Rainer Hilland
874,SPORTSNET
875,Hannah Witton
876,Newsy
877,Nat Geo WILD
878,SpaceX
879,HOT 97
880,Tom Harlock
881,dodieVEVO
882,David Guetta
883,cicigoodies2011
884,Kyle Gunderson
885,Michael Rigsby
886,Katzun
887,MK Dons
888,greeenpro
889,FightHype.com
890,Empire
891,Rock & Roll Hall of Fame
892,MovieAccessTrailers
893,Bloomberg
894,CyclingTips
895,misleadingsilhouette
896,itsAlexClark
897,TheReportOfTheWeek
898,Zach Simmons
899,IAmAnneMarie
900,MasterClass
901,Lawrence Livermore National Laboratory
902,tovestyrkeVEVO
903,Cole and Marmalade
904,Hak5
905,Missguided
906,Xbox
907,Freddie Lister
908,Collins Key
909,Third Leg Studios
910,Blurred Culture
911,grandayy
912,NikkieTutorials
913,NFL World
914,Sport Hub
915,FOX
916,CHRIS-RS
917,Adam Neely
918,Clevver Style
919,PointlessBlogVlogs
920,TechRax
921,Chris Hadfield's Rare Earth
922,Goodwillsandusky
923,Amelia Liana
924,Chili Klaus
925,The Oregonian
926,ThomasRhettVEVO
927,wdwmagic
928,CGP Grey
929,Inside the Magic
930,Top Korean News
931,Sports Lovers n1
932,nickjonas
933,Davie504
934,Chevrolet
935,Hillsong Worship
936,Los Angeles Times
937,CrazyLaughAction
938,TheBeatlesVEVO
939,52 Skillz
940,Daily Caller
941,The Nocturnal Alchemist
942,Paul Sellers
943,RetroManCave
944,JackJohnsonVEVO
945,boogie2988
946,The Bella Twins
947,Jessica Vu
948,Step Up: High Water
949,Michael Dapaah
950,BBC America
951,LifeAccordingToJimmy
952,foofightersVEVO
953,Alec Steele
954,Will Darbyshire
955,The Lore Master
956,Reach Records
957,MITCHELL WIGGS
958,SZAVEVO
959,Crafty Panda
960,Peter Caine Dog Training
961,Ben Pluimer
962,KatyPerryVEVO
963,Brave Wilderness
964,Panic! At The Disco
965,littlemixVEVO
966,Amazon Studios
967,ByronTalbott
968,Cody'sLab
969,New England Patriots
970,Channel 4
971,Momentum Pictures
972,Waterjet Channel
973,Invisible People
974,Macklemore LLC
975,Cardi B
976,ONE Media
977,JennaMarbles
978,SugarlandVEVO
979,Whistle Sports
980,JarJar Abrams
981,Lisa Eldridge
982,Foot Locker
983,BBC Three
984,INQUIRER.net
985,Lyft
986,Spotify
987,Star Wars Coffee
988,TheUnlockr
989,Brad Mondo
990,Business Insider UK
991,negermano
992,Frankie Vision
993,KendrickLamarVEVO
994,Gerry Litwin
995,Doug Ellison
996,How To Make Everything
997,Seonkyoung Longest
998,Freedom of the Press Foundation
999,The Rock
1000,CNET
1001,CBS New York
1002,Torm place
1003,MLB
1004,VOsprey22
1005,Smyang Piano
1006,Function
1007,MARIO TESTINO
1008,Tyler Stalman
1009,Kerry Wong
1010,MODSUN
1011,Joey Graceffa
1012,Food Wishes
1013,Kyle Jennermann
1014,FC Barcelona
1015,J.J. McCullough
1016,Theme Park Review
1017,Real Madrid C.F.
1018,Official Charts
1019,IFC Films
1020,MYSTERY SCIENCE THEATER 3000
1021,Republican News Watch
1022,Hulu
1023,Famous Celebrities Snaps
1024,DragTimes
1025,Keke Palmer
1026,NBC
1027,Ryan Northover
1028,Derek Hough
1029,XenonJohn
1030,vnbreyes
1031,Doctor Who
1032,NBC Sports
1033,The Royal Family
1034,Mark Sales
1035,KBAK - KBFX - Eyewitness News - BakersfieldNow
1036,Russell Howard
1037,Movieclips Coming Soon
1038,VICELAND
1039,Troom Troom
1040,Jordan Wilson
1041,Linus Tech Tips
1042,FX Networks
1043,Channel Awesome
1044,IFC
1045,Sriram Murali
1046,Dawid Szmandra
1047,nothorwitzer
1048,Lil Peep
1049,TromaMovies
1050,Chris Reinacher
1051,Revolt TV
1052,SmarterEveryDay
1053,Monster Energy
1054,Movieclips Film Festivals & Indie Films
1055,Maymo
1056,Camila Cabello
1057,Chloe x Halle
1058,KBSKpop
1059,Ben Actis
1060,Rebel Wilson
1061,Huxley Berg Studios
1062,gzumwalt
1063,Gcincorp Ecommerce and Real Estate
1064,mugumogu
1065,Onur Altuğ Sever
1066,voordeel
1067,Huw Parkinson
1068,Lil Wayne
1069,Tpindell
1070,The Pet Collective
1071,Patricia Bright
1072,KathleenLights
1073,Edward Avila
1074,Max Skipper
1075,PONY Syndrome
1076,Pero Like
1077,Austin Burk
1078,Josh Levine
1079,automotivemaster1972
1080,UJ
1081,Kevin Noonan
1082,Conor Maynard
1083,Specialized Bicycles
1084,matt
1085,Mr Sunday Movies
1086,Fifty Shades
1087,Piece Of Me Tour Planet Hollywood
1088,Bruce Land
1089,FailArmy
1090,DrMachakil
1091,justintimberlakeVEVO
1092,PlayOverwatch
1093,BØRNSmusicVEVO
1094,Yoga With Adriene
1095,mariahxlambily
1096,TheTimTracker
1097,Guy Tang
1098,CatCreature
1099,Big Marvel
1100,AviciiOfficialVEVO
1101,What's Inside?
1102,Beyonce
1103,Erin Noelle
1104,Braxen McConnell
1105,Like Stories of Old
1106,Cristi Cristian
1107,Mom Will Be Proud
1108,BachelorsPadTv
1109,영국남자 Korean Englishman
1110,Hazel Hayes
1111,Nathan C
1112,Jenn Im
1113,Radio Physics and Electronics
1114,Real World Records
1115,Noah Nicholls
1116,Technology Connections
1117,KBS World TV
1118,Freemeo
1119,Banana Culture Music
1120,Charlie Puth
1121,Pitchfork
1122,RawBeautyKristi
1123,Will Smith
1124,MGM
1125,Peaceful Cuisine
1126,Sprinkleofglitter
1127,Sam Sheffer
1128,Special Books by Special Kids
1129,Today I Found Out
1130,Oceana
1131,TheHoonigans
1132,Street Speed 717
1133,TurboTax
1134,Jalopnik
1135,Sailing La Vagabonde
1136,Strictly Dumpling
1137,Halfway Anywhere
1138,Emma Massingale
1139,The CGBros
1140,Star Wars HQ
1141,Red Robot - Intelligent Distribution
1142,Bee Ly TV
1143,CNLohr
1144,JayZVEVO
1145,BreakingBenjaminVEVO
1146,CrowsEyeProductions
1147,TobyMacVEVO
1148,Vic Dibitetto
1149,CBS Films
1150,Desus & Mero
1151,Popular Woodworking
1152,JAY
1153,Mike H
1154,J Gasser
1155,Livia Giustiniani
1156,Speks
1157,RZSS Highland Wildlife Park
1158,Carlos Campos
1159,StanDrawsSpaceships
1160,Navenanthen Gepardieu
1161,Disney Parks
1162,Daily Davidsons
1163,Haru the Shiba Inu
1164,Battle Universe!
1165,JuJu Smith-Schuster
1166,Sugar Pine 7
1167,Lucas
1168,SuperwomanVlogs
1169,KKandbabyJ
1170,Billions
1171,DanTDM
1172,Daz Games
1173,Alex Aiono
1174,Mustache Wax
1175,CBS Philly
1176,New Orleans Saints on NOLA.com
1177,Adam Whitley
1178,Voltfolio
1179,TheGracieC
1180,Chappell Roan
1181,The Players' Tribune
1182,Benn and Gear
1183,Pop & Sports HQ
1184,Ryan Canty
1185,sWooZie
1186,CaptainDisillusion
1187,startelegramvideo
1188,FOX Soccer
1189,TED
1190,Genuine Survival Research Labs
1191,Tim Barrett
1192,OjO Commuter Scooter by OjO Electric
1193,yovo68
1194,MILCK
1195,Bundesliga
1196,CHauserable
1197,EVNautilus
1198,The Valleyfolk
1199,The Ohana Adventure
1200,Mecum Auctions
1201,In Case You Missed It
1202,That Japanese Man Yuta
1203,New York Daily News
1204,Talks at Google
1205,CityNews Toronto
1206,yeokm1
1207,Dani Ochoa
1208,TroyeSivanVEVO
1209,GamingWithJen
1210,Diplo
1211,Netflix Asia
1212,4given4ever1
1213,JackWhiteVEVO
1214,Natalies Outlet
1215,videogamedunkey
1216,Movieclips Trailers
1217,Walking With Giants
1218,KATC
1219,Bleecker Street
1220,Elvis Duran Show
1221,Chris Rosa
1222,Comicbook.com
1223,Jon B.
1224,Vance Joy
1225,Lofty Pursuits
1226,Queen Naija
1227,Troye Sivan
1228,DoodleChaos
1229,Vsauce2
1230,TheKillersVEVO
1231,Architectural Digest
1232,Alabama Crimson Tide on AL.com
1233,lisbug
1234,WhatsUpMoms
1235,Despierta América
1236,Peloton
1237,RagnBoneManVEVO
1238,MrMobile [Michael Fisher]
1239,Southwest Florida Eagle Cam
1240,Jon Olsson
1241,Mamrie Hart
1242,Chubbyemu
1243,ThisDustIn
1244,RedCurtainEnt
1245,Helen Anderson
1246,BMW USA
1247,Dave Lee
1248,NJ.com
1249,OneBitMusicVEVO
1250,Hollyscoop
1251,Humble Design
1252,Mercedes-Benz
1253,IsraeliPM
1254,ekaggrat singh kalsi
1255,SHOWTIME
1256,GrDrtube
1257,shoaib246
1258,PK Inventor
1259,Hin Nya
1260,KickThePj
1261,Total Combat
1262,The Inertia
1263,The Daily Show with Trevor Noah
1264,United Launch Alliance
1265,carrieunderwoodVEVO
1266,Donald J. Trump Topic
1267,BrasherN
1268,Tia Mowry's Quick Fix
1269,tonyvera1902
1270,AnselElgortVEVO
1271,Berd
1272,Matt and Kim
1273,CNNMoney
1274,I.T. Channel
1275,Hayley Kiyoko
1276,IncubusVEVO
1277,Fontgod
1278,Rella On the radio
1279,The Ringer
1280,FiftyShadesVEVO
1281,CBS Evening News
1282,Amber Liu
1283,TheVampsVEVO
1284,My Self Reliance
1285,blackbearVEVO
1286,Guldies
1287,University of Rochester EEOC Complainants
1288,NOVA's Secret Life of Scientists and Engineers
1289,F Milburn
1290,WQAD News 8
1291,lugnutsoldcrap
1292,Mike Olbinski
1293,Let Me Explain Studios
1294,C-SPAN
1295,Kelly Eden
1296,Patrick Nan
1297,Cultaholic
1298,KTVU
1299,Rachelleea
1300,RESSENCE WATCHES
1301,Obama Foundation
1302,Highlight Heaven
1303,MrBeast
1304,Graham The Christian
1305,TRYANGLE FILMS
1306,BaconLegs
1307,Vet Ranch
1308,The Modern Rogue
1309,Viral Paws
1310,eba era
1311,Ryan Calme
1312,NoahKahanVEVO
1313,HANSE 한세
1314,Sieuwe Elferink
1315,Frog The Rooster
1316,TheCubician
1317,See You Yang
1318,3D Printing Nerd
1319,DKDKTV
1320,Na So We See Am
1321,FundingCircleUK
1322,Mike Austin
1323,bill wurtz
1324,NBA on TNT
1325,Casey Holmes
1326,Team Edge
1327,BeckVEVO
1328,MLive
1329,Nicol Concilio
1330,BleachersVEVO
1331,East Idaho News
1332,gamelovercommercials
1333,WHAT'S INSIDE? FAMILY
1334,Hannah Meloche
1335,COVERGIRL
1336,Max Hertan
1337,MandisaVEVO
1338,Joan Kim
1339,Viva La Dirt League
1340,Roadshow
1341,Kortney Steury
1342,Business InsiderAu
1343,AutoGuide.com
1344,Tentmaker Pictures
1345,Stefany Gonzalez
1346,CoinDaddy
1347,Jamie Demeter
1348,FaZe Rug
1349,ChainsmokersVEVO
1350,ASMR Darling
1351,Tina Yong
1352,Christine Sydelko
1353,KIND Snacks
1354,NBA Stats All Seasons
1355,Slednecks
1356,Man About Cake
1357,TraceyThornVEVO
1358,danisnotinteresting
1359,TheSorryGirls
1360,Cat Man Chris
1361,Redline Reviews
1362,Daniel Howell
1363,Ford Motor Company
1364,Paramount Network
1365,FacelesswithEyesOpen
1366,iDB
1367,CrossKut316
1368,Must Love Science
1369,Gondwana Collection Namibia
1370,Dale Dai
1371,TinasheOfficialVEVO
1372,theCHIVE
1373,FrenchMontanaVEVO
1374,Warner Bros. UK
1375,Makeupshayla
1376,PhakeNam
1377,Laura Lee
1378,Australian Open TV
1379,STX Entertainment
1380,NASA Goddard
1381,Brian Klug
1382,heroedelahistoria
1383,Physics Girl
1384,Car Throttle
1385,SRAM MTB
1386,Grist
1387,Duncan Sinfield
1388,PatrickStarrr
1389,The Anna Edit
1390,Lily Pebbles
1391,Lip Sync Battle
1392,WXYZ-TV Detroit | Channel 7
1393,Hamilton: An American Musical
1394,UFC - Ultimate Fighting Championship
1395,Avocado
1396,OlanRogers
1397,Beats 1 Radio
1398,Rita Ora
1399,LaToya Forever
1400,ROME REPORTS in English
1401,Penguin Books South Africa
1402,TheOdd1sOut
1403,Lucas the Spider
1404,Andrew Lowe
1405,Rooster Teeth
1406,Paweł Zadrożniak
1407,Aymeric Favard
1408,Marcos Horacio
1409,Jaiden Animations
1410,A Chick Called Albert
1411,MrTreknation
1412,Chris Smoove
1413,TNT
1414,Hydraulic Press Channel
1415,Sound Bites
1416,Primitive Technology
1417,Ryan Davidson
1418,Corridor
1419,HvdH-Plane-Spotter
1420,AaronsAnimals
1421,How Ridiculous
1422,jeremiah johnson
1423,Techmoan
1424,Townsends
1425,Nicki Shields
1426,SBS TV동물농장x애니멀봐
1427,Candide Thovex
1428,Jason Yu
1429,Nerdist
1430,Funny News
1431,Access
1432,mmschocolate
1433,End of Ze World
1434,Ján Ilavský
1435,cineytele
1436,Laura Kampf
1437,colourpopcosmetics
1438,Rudimental
1439,iotexpert
1440,Oscars
1441,ABC Action News
1442,ZEDDVEVO
1443,PlayStation
1444,LoeyLane
1445,KipMooreVEVO
1446,730 WVFN
1447,Drew Lynch
1448,David Windestal
1449,Caspar
1450,Symon
1451,FloSports
1452,Tony Berza
1453,onsetfacilities.com
1454,BURGER KING
1455,Legendary
1456,Colleen Ballinger
1457,Domics
1458,Bobby Duke Arts
1459,KygoOfficialVEVO
1460,Scotty Sire
1461,Comedy Central
1462,Dennis Kapatos
1463,AdelaineMorin
1464,Newsflare
1465,SKITTLESbrand
1466,JheneAikoVEVO
1467,Elton John
1468,Forgotten Weapons
1469,Calvin Klein
1470,Esther Bellido
1471,ombremor
1472,Funny New Videos
1473,Barcroft Animals
1474,John Varvatos
1475,paul wheaton
1476,TSN Tube
1477,ThreeDaysGraceVEVO
1478,KFC
1479,Alpha Entertainment
1480,Groupon
1481,Pepsi
1482,Morgan Adams
1483,LexusVehicles
1484,EltonJohnVEVO
1485,Everyday Astronaut
1486,Seth's Bike Hacks
1487,Aerie
1488,fantano
1489,DonDiablo
1490,AT&T
1491,DJI
1492,Missouri Star Quilt Company
1493,Geoff Mallinson
1494,Saskatchewan Rush
1495,Any rubbish
1496,Desktop Makes
1497,Electron Dust
1498,JanPaul123
1499,shakiraVEVO
1500,jeffreestar
1501,JasonAldeanVEVO
1502,Daisy Marquez
1503,XAmbassadorsVEVO
1504,EA SPORTS FIFA
1505,JamesBlakeVEVO
1506,MN khan
1507,BLACKPINK
1508,Pomegranate Sunshine
1509,David Archuleta
1510,R3HAB
1511,Interscope Records
1512,The Scam On Demand
1513,Palo Alto Online
1514,494ta
1515,Red Bull Records
1516,marjolijn2
1517,AntsCanada
1518,The 2x Family
1519,Extra Credits
1520,MAZELEE
1521,HaimVEVO
1522,BANGTANTV
1523,Adult Swim UK
1524,Popcorn with Peter Travers
1525,BRIGHT SIDE
1526,iKON
1527,XFL
1528,Jessica Clements
1529,revlon
1530,Cleveland Browns
1531,AirPano
1532,Dean Anderson
1533,SaggyJ
1534,Guava Juice
1535,Solid Gold Aquatics
1536,CBS
1537,ATPWorldTour
1538,X Games
1539,Budweiser
1540,Howl Of A Dog
1541,Recording Academy / GRAMMYs
1542,CatPusic
1543,Oscar Fury
1544,Maddie Lymburner
1545,FerrasVEVO
1546,VideoGameAds
1547,UCAN Zippers USA
1548,pjmorton
1549,What I've Learned
1550,Vevo
1551,Super Netvid
1552,Shyrynne
1553,EntertainmentVevo
1554,Michelob ULTRA
1555,ET Canada
1556,Summoning Salt
1557,WhatCulture Wrestling
1558,Sports Illustrated
1559,RihannaNavyVevo
1560,Shesez
1561,Nick Ramos
1562,Movie'n'co UK
1563,Dustin Penner
1564,Caravan Carolyn
1565,amazon
1566,Kevin Stein
1567,LGR
1568,smoothiethecat
1569,A24
1570,engineerguy
1571,The Action Lab
1572,Catch-Up TV
1573,DaHoopSpot Productions
1574,lugeyps3
1575,Spinach Dippa
1576,J S
1577,Dylan Locke
1578,bitluni's lab
1579,Bini the Bunny
1580,Adam Smith
1581,Slooh
1582,Bebe Rexha
1583,Mountain Dew
1584,PBS Eons
1585,The Bachelor Insider
1586,Exploring Alternatives
1587,Saved By The Max
1588,Midnight Video
1589,WOWPresents
1590,Shaaanxo
1591,3Blue1Brown
1592,Madmorda
1593,BrantleyGilbertVEVO
1594,Kia Motors America
1595,ChvrchesVEVO
1596,Doritos®
1597,Jessica Braun | JAMbeauty89
1598,It's a Southern Thing
1599,Errant Signal
1600,Andrew Rowland
1601,DopeBoyTroy
1602,HouzzTV
1603,Terrormink
1604,NinaNesbittMusicVEVO
1605,theSkimm
1606,Science Magazine
1607,The Angie Martinez Show
1608,Izac Less
1609,Choir! Choir! Choir!
1610,Amarullah Rizky
1611,HyundaiUSA
1612,merrelltwins
1613,Kat Cunning
1614,Prime Video
1615,Campari
1616,Healthcare Triage
1617,PAC ENTRETENIMENTO / DJ IVAN DAVIS
1618,Dish Nation
1619,kawaiisweetworld
1620,Whyte Foxx Music Videos & More
1621,Thomas Sebastian
1622,HalseyVEVO
1623,Toyota Global
1624,Jeopardy!
1625,iggyazaleamusicVEVO
1626,Bret Baier
1627,ScottyMcCreeryVEVO
1628,WFLA News Channel 8
1629,Philadelphia Eagles
1630,India Love
1631,Bud Light
1632,TechCrunch
1633,Kotaku
1634,KylieMinogueOnVEVO
1635,TRL
1636,Wintergatan
1637,9-1-1 on FOX
1638,Avocados From Mexico
1639,StorrorBlog
1640,This Is Us
1641,Feast Of Fiction
1642,The Square to Spare
1643,CBS Chicago
1644,Adam's Apple
1645,ARIKITCHEN (아리키친)
1646,Nickelodeon
1647,Neil Fraser
1648,Joshua Levin
1649,MiddleKidsVEVO
1650,Check It Out
1651,Kylie Jenner
1652,Tide
1653,Ram Trucks
1654,Jeep
1655,Australia
1656,Quicken Loans
1657,SB-LII Commercials
1658,Kaplamino
1659,The Key of Awesome
1660,Monster Cable Products
1661,Chris Turner
1662,Animal Planet
1663,"Cyprus Air Heating, Cooling and Fireplaces"
1664,Kraft Brand
1665,TDAmeritrade
1666,Persil ProClean
1667,Turkish Airlines
1668,Toyota USA
1669,Wix.com
1670,Rise
1671,Coca-Cola
1672,WeatherTech
1673,Sprint
1674,Intuit
1675,Motherboard
1676,Shawn
1677,dannotv
1678,WhatsApp Wacky
1679,Squarespace
1680,MassMutual
1681,PekingDukVEVO
1682,Wendy's
1683,Funny Commercials
1684,ClovesVEVO
1685,Chris Sturgeon
1686,Us Weekly
1687,NFL Network
1688,ALL URBAN CENTRAL
1689,Diet Coke
1690,NoahCyrusVEVO
1691,Vinheteiro
1692,World Eyes
1693,TopClips247
1694,Commercials Funny
1695,Horizon Productions SFL
1696,Jesse
1697,StingVEVO
1698,Glamour Magazine
1699,stacyvlogs
1700,Hudson Moore
1701,Barstool Sports
1702,Lorraine
1703,Max Fagin
1704,heyitsfeiii
1705,Tim Gray
1706,McDonald's
1707,Steeper33
1708,Represent.Us
1709,India Survival Guide
1710,The ACE Family
1711,Chilly Willy
1712,Jack Coyne
1713,LOL Network
1714,the Hacksmith
1715,CalvinHarrisVEVO
1716,JamesBayVEVO
1717,RealNewsNetworkMedia
1718,NIXOLAS
1719,ColdFusion
1720,Omaze
1721,Christopher Davis
1722,My Virgin Kitchen
1723,Tryst Network
1724,Rapid Trailer
1725,Nike
1726,Pinball Wiz
1727,CamVEVO
1728,Marshmello
1729,kehlani parrish
1730,MGMTVEVO
1731,Aunty Donna
1732,NewsFunnies
1733,Anna Saccone
1734,Nathan Robinson
1735,Hush Kit
1736,Allie Glines
1737,Olympic
1738,Wall Street Journal
1739,Absolut
1740,LOOK MUM NO COMPUTER
1741,Studio C
1742,hwow
1743,Asian Boss
1744,Squirrel Monkey
1745,All is Art
1746,Alex Meyers
1747,BETNetworks
1748,Radio Andy
1749,Alto's Adventure
1750,Land Rover
1751,ToniBraxtonVEVO
1752,TheMeanKitty
1753,L2inc
1754,So I Had This Idea...
1755,BenTheBondsman
1756,DrakeBellVEVO
1757,Senator Chris Murphy
1758,Nikita Dragun
1759,MinuteEarth
1760,Royal Blood
1761,Strange incident
1762,Parks and Recreation
1763,Samsung Mobile USA
1764,Recode
1765,The Thought Emporium
1766,BerkleyLovesTori
1767,souviendra
1768,WGA West
1769,Mikey Murphy
1770,Highsnobiety
1771,Evan Edinger
1772,TV One
1773,Muse
1774,Blonded
1775,LustreLux
1776,Turn10Studios
1777,Trace Cyrus
1778,Lionsgate Movies
1779,Cody'sBLab
1780,Peter Brown
1781,BellaThorneVEVO
1782,Bill Gates
1783,Topic
1784,OVO Sound
1785,JayRockVEVO
1786,Zebra Corner
1787,Janelle Monáe
1788,Disney Descendants
1789,Cobra Kai
1790,Crusoe the Celebrity Dachshund
1791,SeanPaulVEVO
1792,mittromney
1793,Julien Solomita
1794,KFlayVEVO
1795,Cosmopolitan.com
1796,Paris Hilton
1797,Golden State Warriors
1798,Алексей Навальный
1799,Just Jared Jr
1800,Tony Baker Comedy
1801,Amanda Palmer
1802,Dancing On Ice
1803,NASCAR
1804,Circus HalliGalli
1805,JP & Julia
1806,Ricky Dillon
1807,The Cincinnati Zoo & Botanical Garden
1808,Channon Rose Vlogs
1809,Writers Guild of America East
1810,Swish Daily
1811,Malik Nabee
1812,Prince Marcus
1813,monatheband
1814,Cartoon Hangover
1815,mike m
1816,News 5 Cleveland
1817,Sauber F1 Team
1818,Smequle
1819,Fancy Vlogs By Gab
1820,Barn Sanctuary
1821,LaurDIY
1822,Billy Graham Evangelistic Association
1823,Recanto Ecológico Rio da Prata
1824,Strange Parts
1825,Jake Roper
1826,BAFTA
1827,Kylie Moy
1828,5SOSVEVO
1829,CMT
1830,keshaVEVO
1831,StudiocanalUK
1832,Mercedes-AMG Petronas Motorsport
1833,doddleoddle
1834,Jimmy Built
1835,Michael Callaghan
1836,Song Of Style
1837,JohnnyQ90
1838,Sylvia Gani
1839,Renault Sport
1840,BenDeen
1841,42Fab - Metalworking and Multi-Medium Fabrication
1842,Lotto New Zealand
1843,Ryan
1844,samfryltd
1845,Wallows
1846,Ryan Is Driving
1847,ShibSibs
1848,BishopBriggsVEVO
1849,SnoopDoggVEVO
1850,LewisCapaldiVEVO
1851,RickyMartinVEVO
1852,Allure
1853,The Warp Zone
1854,The Alex Jones Channel
1855,fuzywazacolin
1856,notnotryan
1857,Никита Ордынский
1858,Clicknetwork
1859,Violin MD
1860,rock on
1861,Sparkee Music
1862,Because Science
1863,Iris
1864,Kacey Musgraves - Topic
1865,Fox Business
1866,PESfilm
1867,Twin Shadow
1868,BRITs
1869,Abhishek Singh
1870,1MILLION Dance Studio
1871,joyner lucas
1872,Samsung
1873,RomanAtwoodVlogs
1874,jbalvinVEVO
1875,Kris Harbour
1876,FunForLouis
1877,BillyCrammer
1878,AvE
1879,Liza Koshy Too
1880,"Rock me, Joey Santiago."
1881,Kid Rock
1882,ChrisYoungVEVO
1883,Desimpedidos
1884,BowlFullofAwesome
1885,LiveOverflow
1886,Ivan Miranda
1887,Gentle Whispering ASMR
1888,Practical Engineering
1889,Stratolaunch
1890,Engineering Explained
1891,Real Engineering
1892,The Royal Ocean Film Society
1893,Walt Disney Animation Studios
1894,Ryland Adams
1895,Waymo
1896,Owen Harvey
1897,Gemma Stafford
1898,Luke Korns
1899,Quartz
1900,King Princess
1901,MeghanTrainorVEVO
1902,N W
1903,Blake Shelton
1904,CrossFit®
1905,Gibi ASMR
1906,GeorgeEzraVEVO
1907,Claire Marshall
1908,Daily Dose Of Internet
1909,圧倒的不審者の極み!
1910,Braille Skateboarding
1911,Techquickie
1912,Scott Manley
1913,Film Independent
1914,Don Diablo
1915,BonJoviVEVO
1916,Zach King
1917,Bethany Wilhelm
1918,The Joint Forces Channel
1919,Ten Second Songs
1920,As/Is
1921,ODE
1922,Kristen Hancher
1923,Ladylike
1924,cheeseandjamsandwich
1925,Mitchell Moon
1926,LavenderTowne
1927,Living Big In A Tiny House
1928,Call of Duty
1929,Illumination
1930,DJKhaledVEVO
1931,Ben Katz
1932,TkyoSam
1933,This Might Get
1934,akidearest
1935,GameXplain
1936,VH1
1937,SadeVEVO
1938,Matt Stonie
1939,Reaction Time
1940,Kylie Minogue
1941,Roxette Arisa
1942,David Seymour
1943,AusAntarctic
1944,JohnNewmanVEVO
1945,Pick Up Limes
1946,UEFA.tv
1947,BT Sport
1948,Carli Bybel
1949,K-MUSIC
1950,oregon
1951,Kitty Hawk
1952,Good Mythical MORE
1953,American Idol
1954,brutalmoose
1955,Annapurna Channel
1956,Johnny Jansen
1957,MalumaVEVO
1958,Harper's BAZAAR
1959,MTV
1960,Gabbie Hanna
1961,Kensuke Koike
1962,RachhLoves
1963,Warped Perception
1964,NCAA March Madness
1965,Sonic the Hedgehog
1966,SELF
1967,League of Legends
1968,Lenarr Young
1969,Talking Kitty Cat
1970,GRB rally
1971,Keyboard Cat
1972,SabrinaCarpenterVEVO
1973,Lucas and Marcus
1974,BrainfooTV
1975,Cimorelli
1976,Lindsay Webster
1977,To Scale:
1978,Bramty Juliette
1979,Deep Look
1980,G-Eazy
1981,CJENMMUSIC Official
1982,Wouldn't Change a Thing
1983,Charlie Corts
1984,Shawn Mendes
1985,Unecht Erfunden
1986,thataylaa
1987,UMF TV
1988,JelloApocalypse
1989,Impulse
1990,Disney On Broadway
1991,SHAYTARDS
1992,PBS Space Time
1993,eLL cartoons
1994,FOOD INSIDER
1995,KaceyMusgravesVEVO
1996,Kim Kardashian West
1997,Sidemen
1998,TmarTn2
1999,Discovery UK
2000,FORMULA 1
2001,WUSA9
2002,GPhase
2003,jacksepticeye
2004,littlerobotgirl
2005,Riverdale
2006,CalebCity
2007,blayze999
2008,ESPN UK
2009,Liverpool FC
2010,Denitslava Makeup
2011,barnabydixon
2012,Andre Will Do It
2013,The Weeknd
2014,NHL
2015,Mary Giannone
2016,Mike Shinoda
2017,Major League Soccer
2018,ToriKellyVEVO
2019,SodaStream
2020,Bleacher Report
2021,WaterTower Music
2022,Freddie Twenty
2023,StarTalk
2024,DuckSoss
2025,Scotty Kilmer
2026,KYLE HANAGAMI
2027,Burritoxman
2028,ScatterBrain News
2029,Kristin Johns
2030,Nyma Tang
2031,WINNER
2032,johnlegendVEVO
2033,Sabrina Claudio
2034,Coachella
2035,TheWeekndVEVO
2036,ZaynVEVO
2037,FlorenceMachineVEVO
2038,Cammie Scott
2039,AlishaMarieVlogs
2040,Carrie Underwood
2041,Alex French Guy Cooking
2042,UFC ON FOX
2043,DrakeVEVO
2044,Gustawny
2045,The Game Theorists
2046,Global News
2047,Mean Girls on Broadway
2048,Primitive Survival Tool
2049,DIY Perks
2050,Mrwhosetheboss
2051,DALLMYD
2052,Nicki Minaj
2053,DaveHax
2054,Carter Sharer
2055,Britain's Got Talent
2056,FOX 17 WXMI
2057,ignoramusky
2058,JOE.ie
2059,AnimalWised
2060,Philly D
2061,PressTube
2062,Tanner Fox
2063,Global Road Entertainment
2064,iamAURORAVEVO
2065,ThatcherJoe
2066,Beats 1 on Apple Music
2067,FoundFlix
2068,GingerPale
2069,Matt Bentkowski
2070,Prince
2071,SomeThingElseYT
2072,Billie Eilish
2073,Papa Jake
2074,DrinkBODYARMOR
2075,Steve1989MREInfo
2076,BeckyGVEVO
2077,ArianaGrandeVevo
2078,Bobby Bones
2079,Nikki Glamour
2080,Dobre Brothers
2081,DONG
2082,PolyMatter
2083,Sister Circle Live
2084,googledoodles
2085,Rapid Highlights
2086,Fortnite
2087,Clash Royale
2088,Blossom
2089,AbrahamMateoVEVO
2090,Skip and Shannon: UNDISPUTED
2091,WatchMojo.com
2092,MamaMiaMakeup
2093,FoxStarHindi
2094,TWICE JAPAN OFFICIAL YouTube Channel
2095,Ariana Grande`
2096,Conan Gray
2097,Hometalk
2098,J. Cole
2099,zefrank1
2100,H3 Podcast Highlights
2101,USA Gymnastics
2102,Jess Conte
2103,Beth Kobliner
2104,BillieEilishVEVO
2105,Mercury News
2106,Motion Station
2107,Mason Ramsey
2108,RoadsideFlix
2109,Jason Mraz
2110,OWN
2111,Kanye West - Topic
2112,AzzyLand
2113,Gordon Ramsay
2114,Tim Milgram
2115,Kanye West
2116,Sam O'Nella Academy
2117,The Wendy Williams Show
2118,RiceGum
2119,Helpful Vancouver Vet
2120,acaciacutie
2121,BBALLBREAKDOWN
2122,CelineDionVEVO
2123,AlisonWonderlandVEVO
2124,NickiMinajAtVEVO
2125,EnriqueIglesiasVEVO
2126,Moulin Rouge! the Musical
2127,Battle Universe
2128,Jess Glynne
2129,ChildishGambinoVEVO
2130,PewDiePie
2131,Christina Aguilera
2132,STARZ
2133,JuliaMichaelsVEVO
2134,Google Developers
2135,ABC News (Australia)
2136,OmarGoshTV
2137,Olivia Jade
2138,EvanescenceVEVO
2139,SnowPatrolVEVO
2140,Tiffany Day
2141,Gallant
2142,johnmayerVEVO
2143,Selena Gomez
2144,Tesla
2145,杰威爾音樂 JVR Music
2146,New Amsterdam
2147,Manifest
2148,Vat19
2149,davematthewsbandVEVO
2150,TheOdd2sOut
2151,MBCentertainment
2152,ITV
2153,Microsoft Surface
2154,BackstreetBoysVEVO
2155,FifthHarmonyVEVO
2156,miniminter
2157,Daddy Yankee
2158,Dragonfoxgirl
2159,Dan And Shay
2160,"Tyler, The Creator"
2161,BBC Sport
2162,John Mayer
2163,camelsandfriends
2164,Jake Paul
2165,NickyJamTV
2166,AzealiaBanksVEVO
2167,The Sims
2168,DidYouKnowGaming?
2169,MustardVEVO
2170,Eh Bee Family
2171,H O N N E
2172,weezer
2173,SumerianRecords
2174,The Official Pokémon YouTube channel
2175,America's Got Talent
2176,Erika Costell
2177,Gorillaz
2178,Clean Bandit
2179,SUMERIAN
2180,The 1975
2181,MaggieRogersVEVO
2182,Mark Wiens
2183,radiodisney
2184,A&E
2185,bulletvalentineVEVO
2186,David Dobrik
2187,MNEKVEVO
2188,TheInternetVEVO
2189,shgurr
2190,The1975VEVO
2191,DreamWorksTV
2192,Anthem Game
2193,Battlefield
2194,EA SPORTS
2195,British Vogue
2196,gameslice
2197,Clash of Clans
2198,FamilyFeud
2199,Bethesda Softworks
2200,Cyberpunk 2077
2201,Kingdom Hearts
2202,Studio MDHR
2203,HALO
2204,Ben Kronengold
2205,All Def Digital
2206,How It Should Have Ended
2207,Ubisoft North America
